[
  {
    "draftId": "58926dd5-98b6-48ca-a274-e97aacb3cac7",
    "propertyAddress": "4/38 DON CROOT STREET, MORNINGSIDE, AUCKLAND",
    "placeId": "ChIJa7FNAqZHDW0RZEx0cQpaJjk",
    "createdAt": "2025-09-13T15:20:23.810Z",
    "updatedAt": "2025-09-13T16:21:05.382Z",
    "formData": {
      "data": {
        "Info": {
          "Property Address": "4/38 DON CROOT STREET, MORNINGSIDE, AUCKLAND",
          "Property Address Multi-Line": "",
          "Instructed By": "",
          "VOS Order No": "",
          "Job No": "",
          "Prepared For": "",
          "Instructions": "",
          "Client/Borrower": "",
          "Land Area": "",
          "Title": "",
          "Date of Valuation": "",
          "Date of Preparation": "",
          "Date of Inspection": "",
          "Report Version": "",
          "Special Assumptions": ""
        },
        "comparableSales": [],
        "General Info": {
          "Title Interestes": "",
          "Title Owner": "",
          "Title Brief": "",
          "Property Description": "",
          "General Description": "",
          "EGS-BF": "",
          "EGS-FH": "",
          "EGS-E/LS": "",
          "Location Description": ""
        }
      },
      "roomOptions": [
        {
          "id": "699005a9-77ed-4e4c-af96-fc42e66bf139",
          "roomType": "Toilet",
          "roomName": "Toilet",
          "selectedOptions": [],
          "roomOptionText": ""
        },
        {
          "id": "e8e45d67-bac9-4992-bba3-eba9a078e8f2",
          "roomType": "Toilet",
          "roomName": "Toilet",
          "selectedOptions": [],
          "roomOptionText": ""
        },
        {
          "id": "f2195a84-a6c2-4864-b059-c196cc65a689",
          "roomType": "Toilet",
          "roomName": "Toilet",
          "selectedOptions": [
            "Tiled floor",
            "Timber floor",
            "Tiled wall"
          ],
          "roomOptionText": "Tiled floor, Timber floor, Tiled wall"
        },
        {
          "id": "494e20c1-ee4a-40c1-943e-8e2594035d7e",
          "roomType": "Kitchen",
          "roomName": "Kitchen",
          "selectedOptions": [
            "Vinyl floor",
            "Carpet floor",
            "Box window"
          ],
          "roomOptionText": "Vinyl floor, Carpet floor, Box window"
        },
        {
          "id": "aa8a451f-517e-42d2-a825-ad148662fd17",
          "roomType": "Dining Room",
          "roomName": "Dining Room",
          "selectedOptions": [
            "Timber floor",
            "Carpet floor",
            "Simulated timber floor"
          ],
          "roomOptionText": "Timber floor, Carpet floor, Simulated timber floor"
        }
      ],
      "templateFileName": "[template] Resi 10_Sep_2025.docx",
      "marketValuation": {},
      "statutoryValuation": {},
      "commentarySelections": {},
      "multiOptionSelections": {},
      "multiOptionBriefs": {},
      "constructionBrief": {},
      "chattels": {}
    }
  },
  {
    "draftId": "ecdc8d7c-df61-470e-9fe9-34a18354872b",
    "propertyAddress": "8 spode pl",
    "placeId": "ChIJOQQnQxoH9x4Rf9iBzcc5sWA",
    "createdAt": "2025-09-13T17:59:54.454Z",
    "updatedAt": "2025-09-13T17:59:54.454Z",
    "formData": {
      "data": {
        "Info": {
          "Property Address": "8 spode pl"
        },
        "General Info": {
          "Property Description": "x  的智生发个短信",
          "Location Description": "共分三大发大"
        }
      },
      "roomOptions": [
        {
          "id": "b02bddb2-7345-4638-a904-e6639889db97",
          "roomType": "Bedroom",
          "roomName": "Bedroom",
          "selectedOptions": [
            "Timber floor",
            "Single wardrobe",
            "Double wardrobe",
            "Walk-in wardrobe",
            "Ranch Slider"
          ],
          "roomOptionText": "Timber floor, Single wardrobe, Double wardrobe, Walk-in wardrobe, Ranch Slider"
        },
        {
          "id": "5b5e5f21-8f34-4528-86a4-7497cdbf40a5",
          "roomType": "Bathroom",
          "roomName": "Bathroom",
          "selectedOptions": [
            "Vanity unit",
            "Shower",
            "Toilet"
          ],
          "roomOptionText": "Vanity unit, Shower, Toilet"
        },
        {
          "id": "3d285d16-503b-451a-be03-e24f32605266",
          "roomType": "Laundry",
          "roomName": "Laundry",
          "selectedOptions": [
            "Vinyl floor",
            "Partial tiled wall",
            "Tiled wall"
          ],
          "roomOptionText": "Vinyl floor, Partial tiled wall, Tiled wall"
        },
        {
          "id": "c259e84c-0b54-4387-98e6-7feefcf05ec3",
          "roomType": "Toilet",
          "roomName": "Toilet",
          "selectedOptions": [
            "Tiled floor",
            "Timber floor",
            "Tiled wall"
          ],
          "roomOptionText": "Tiled floor, Timber floor, Tiled wall"
        },
        {
          "id": "9028f80d-2407-4bea-a257-21561cea091a",
          "roomType": "Dining Room",
          "roomName": "Dining Room",
          "selectedOptions": [
            "Simulated timber floor",
            "Ranch slider",
            "Timber floor"
          ],
          "roomOptionText": "Simulated timber floor, Ranch slider, Timber floor"
        },
        {
          "id": "e5e82594-cbaf-415d-b148-a9104a87ecae",
          "roomType": "Living Room",
          "roomName": "Living Room",
          "selectedOptions": [
            "Tiled floor",
            "Carpet floor"
          ],
          "roomOptionText": "Tiled floor, Carpet floor"
        }
      ],
      "uploadedImages": {
        "{%Image_NatureofProperty1}": "26ed4b44a69ff86c17e5a37c69f2c18f.png",
        "{%Image_NatureofProperty2}": "2cf744a37a1a9f738f6eff9b10c40ea7.png"
      },
      "constructionBrief": {
        "generalConstruction": [
          "horizontal timber cladding",
          "timber flooring",
          "concrete ring wall",
          "concrete slab foundation",
          "pile foundation",
          "concrete flooring",
          "brick cladding",
          "plaster cladding"
        ],
        "interior": [
          "plasterboard"
        ],
        "finalBrief": "General construction elements comprise what appears to be horizontal timber cladding, timber flooring, concrete ring wall, concrete slab foundation, pile foundation, concrete flooring, brick cladding and plaster cladding.\nThe interior appears to be mostly timber framed with plasterboard or of similar linings."
      },
      "chattels": {
        "selected": [
          "carpets",
          "blinds"
        ],
        "finalBrief": "We have included in our valuation an allowance for chattels including carpets and blinds."
      }
    }
  },
  {
    "draftId": "371b229f-e041-4a64-b8fd-bebe559c77b2",
    "propertyAddress": "1B Maxwelton Drive, Mairangi Bay_08.25",
    "placeId": "ChIJz4kXlC86DW0R0nX2hmVQVMo",
    "createdAt": "2025-09-16T23:08:01.888Z",
    "updatedAt": "2025-09-17T00:37:06.685Z",
    "formData": {
      "templateFileName": "[template] Resi 16_Sep_2025.docx",
      "data": {
        "Info": {
          "Property Address": "1B Maxwelton Drive, Mairangi Bay_08.25",
          "Single Line Address": "Don Croot Street, Morningside, Auckland",
          "Property Address Multi-Line": "4/38 Don Croot Street\nMorningside\nAuckland",
          "Instructed By": "gaby Phua of ASB Bank Limited, via Valocity.",
          "VOS Order No": "800-1343-639",
          "Job No": "N/A",
          "Prepared For": "ASB Bank Limited",
          "Instructions": "We refer to instructions received XXXXXXX, requesting that we to provide our opinion as to the above property's market value XXXXX.",
          "Client/Borrower": "Barrie MACKENZIE",
          "Land Area": "Principal Unit 4 Deposited Plan 609214 and Accessory Unit C4 Deposited Plan 609214",
          "Title": "1203191",
          "Date of Valuation": "N/A",
          "Date of Preparation": "N/A",
          "Date of Inspection": "N/A",
          "Report Version": "N/A",
          "Special Assumptions": "阿萨德房东发"
        },
        "General Info": {
          "Title Interestes": "- 13019370.2 Mortgage to Phillip Graeme Bell, Treacy Anne Bell and Andrew Garwood Hill\n- Land Covenant in Covenant Instrument 13267867.4 (affects Principal Unit 4 DP 609214)",
          "Title Owner": "L B Holdings Limited",
          "Title Brief": "Record of Title Identifier 1203191 describes the property as being seised of a Stratum in Freehold comprising Principal Unit 4 Deposited Plan 609214 and Accessory Unit C4 Deposited Plan 609214.",
          "Property Description": "N/A",
          "General Description": "It appears that XXXXX.",
          "EGS-BF": "N/A",
          "EGS-FH": "N/A",
          "EGS-E/LS": "No obvious unusual erosion risk.",
          "Location Description": "The subject property is located in the inner-western suburb of Morningside, which is characterized by a mix of residential housing, including traditional villas, bungalows, and modern townhouse developments. The area is well-serviced by a range of amenities, with the popular Kingsland and Morningside train stations providing convenient public transport options. Nearby attractions include Eden Park and the Westfield St Lukes shopping centre. The location is zoned for reputable schools such as Mount Albert Grammar School. Access to the CBD is excellent via the Northwestern Motorway, with an approximate driving time of 10-15 minutes under normal traffic conditions."
        },
        "comparableSales": []
      },
      "commentarySelections": {
        "c1-purpose": "Related Party Transfer Purpose",
        "c2-principal-use": "Residential",
        "c3-previous-sale": "There are no sales listed for the property within the last three years.  ",
        "c4-contract-sale": "To the best of our knowledge, we are not aware of any current contract for sale on the property. ",
        "c5-supplied-docs": "In undertaking this valuation we have not been supplied with any additional information or documentation of significant relevance.",
        "c6-recent-provided": "Recent",
        "c7-lim": "We have not been provided with or obtained a copy of the Land Information Report (LIM) for the subject property.  We have assumed there are no outstanding issues or requisitions",
        "c8-pc78": "Under the proposed zone – Plan Change 78, the property has a zoning of Residential – Mixed Housing Suburban.  This zone is to be the most widespread residential zone in Auckland.  Its density controls allow a moderate level of intensification, while retaining a relatively spacious quality consistent with a suburban residential character, compared to the Mixed Housing Urban and Terrace Housing and Apartment Buildings zones.  \nSubdivision and development within the zone allows two dwellings per site as a permitted activity and three or more dwellings being a restricted discretionary activity.  Further, development of two dwellings will need to comply with the following standards within the Mixed Housing Suburban zone:\nBuilding Height\nHeight in relation to boundary\nMinimum yard depth setbacks from each boundary\nMaximum impervious area\nBuilding coverage\nLandscaped area\nOutlook space\nDaylight ingress\nOutdoor living space\nFencing and wall restrictions\nSubdivision for three or more dwellings within this zone, while being restricted discretionary will also need to comply with the following standards within the zone, building height; height in relation to boundary and minimum yard depth setbacks from each boundary. \nVacant proposed site subdivision is a restricted discretionary activity within this zone and allows a net site area of 400 sm for parent sites that are less than one hectare.  For parent sites that are in excess of one hectare, vacant proposed site subdivision is a discretionary activity with the following rules regarding site areas:\nMinimum net site area\t320 sm\nMinimum average net site area\t400 sm\nMaximum average net site area\t480 sm\nThe Mixed Housing Suburban zone aims to enable a variety of housing types and encourage development as it is the most wide-spread residential zone under the unitary plan.  The zone is concentrated around residential use but allows for non – residential activities that will support the social and economic well-being of the community while monitoring any effects on the residential amenity of the zone.",
        "c9-operative-zone": "Under the Auckland Unitary Plan (Operative in Part), the property has a zoning of Residential – Mixed Housing Suburban.  This zone is to be the most widespread residential zone in Auckland.  Its density controls allow a moderate level of intensification, while retaining a relatively spacious quality consistent with a suburban residential character, compared to the Mixed Housing Urban and Terrace Housing and Apartment Buildings zones.  \nSubdivision and development within the zone allows two dwellings per site as a permitted activity and three or more dwellings being a restricted discretionary activity.  Further, development of two dwellings will need to comply with the following standards within the Mixed Housing Suburban zone:\nBuilding Height\nHeight in relation to boundary\nMinimum yard depth setbacks from each boundary\nMaximum impervious area\nBuilding coverage\nLandscaped area\nOutlook space\nDaylight ingress\nOutdoor living space\nFencing and wall restrictions\nSubdivision for three or more dwellings within this zone, while being restricted discretionary will also need to comply with the following standards within the zone, building height; height in relation to boundary and minimum yard depth setbacks from each boundary. \nVacant proposed site subdivision is a restricted discretionary activity within this zone and allows a net site area of 400 sm for parent sites that are less than one hectare.  For parent sites that are in excess of one hectare, vacant proposed site subdivision is a discretionary activity with the following rules regarding site areas:\nMinimum net site area\t320 sm\nMinimum average net site area\t400 sm\nMaximum average net site area\t480 sm\nThe Mixed Housing Suburban zone aims to enable a variety of housing types and encourage development as it is the most wide-spread residential zone under the unitary plan.  The zone is concentrated around residential use but allows for non – residential activities that will support the social and economic well-being of the community while monitoring any effects on the residential amenity of the zone.",
        "c10-zoning-op": "Residential – Large Lot ",
        "c11-zoning-pc78": "Residential – Mixed Housing Suburban",
        "c12-condition": "a. The property is presented to a new standard and good condition, both externally and internally. ",
        "c13-site-desc-1": "Freehold 1 : As shown above, the property currently comprises an irregular shaped site of approximately 1,070 sm. It has a narrow road frontage off Mander Place of around 3.2 metres, providing vehicle access to the site. The northern boundary measures approximately 46.4 metres, while the southern boundary is around 25.7 metres. The eastern boundary extends approximately 28.9 metres, and the southwestern boundary measures roughly 40 metres. Contourwise, the site is generally level.",
        "c14-site-desc-2": "In terms of catchments and hydrology, there are no overland flow paths traversing the site, and it is not identified as flood prone.",
        "c15-sales-evidence": "\"GENERAL FREEHOLD : The subject property comprises a freestanding dwelling originally constructed circa 1980s, now presented in modest to average condition with dated fitout, and would benefit from modernisation/renovation. The dwelling provides three bedrooms and one bathroom, together with a detached double garage.\nIn a broader context, comparable properties with similar characteristics have transacted in the range of $670,000 to $835,000 between October 2024 and June 2025, with an average sale price of approximately $771,000. These properties provide floor areas between 80 sm and 140 sm (averaging 123 sm) and are situated on sites ranging from 363 sm to 922 sm, with an average site size of 617 sm.\nOn balance, and taking into account the physical attributes of the property including its age, size, condition, views, and aspect, together with also allowing for the prevailing market conditions, we believe the subject property would warrant a market value ranging between $740,000 – $780,000, and we deem it appropriate in this instance to adopt the mid-point of this range at a figure of $760,000.\"",
        "2d161ebb-6a0d-4613-ba19-26b27bc4cabc": "searched a copy of Title Identifier, reviewed the supplied documentation",
        "d05e7455-7c49-4f6c-a104-98e6a99ef052": "NIL",
        "7d4c3595-f966-4e4e-9c4d-7f657ee78d3e": "For properties of this nature in this market, we consider there to be a medium to high risk, given the market has favoured tidy, renovated or newly improved properties through the downturn. "
      },
      "constructionBrief": {
        "generalConstruction": [],
        "interior": [],
        "finalBrief": ""
      },
      "marketValuation": {
        "marketValue": "$430,000",
        "marketValuation": "$430,000\nFour Hundred Thirty Thousand Dollars",
        "improvementsValueByValuer": "",
        "landValueByValuer": "",
        "chattelsValueByValuer": "",
        "marketValueByValuer": ""
      },
      "statutoryValuation": {
        "landValueByWeb": "",
        "improvementsValueByWeb": "",
        "ratingValueByWeb": ""
      },
      "marketValuationRaw": "430000",
      "multiOptionSelections": {
        "4e4ae017-dd6d-4195-8201-a9694fa6fcd1": [],
        "b88b5e49-a806-47b9-bb78-d872900962c5": []
      },
      "multiOptionBriefs": {
        "4e4ae017-dd6d-4195-8201-a9694fa6fcd1": "",
        "b88b5e49-a806-47b9-bb78-d872900962c5": ""
      },
      "chattels": {
        "selected": [],
        "finalBrief": ""
      },
      "roomOptions": [
        {
          "id": "dee6e409-3c5a-44d3-96e1-86f6031e9a7e",
          "roomType": "Kitchen",
          "roomName": "Kitchen",
          "selectedOptions": [
            "Timber floor",
            "Vinyl floor",
            "Pantry and cupboards"
          ],
          "roomOptionText": "Timber floor, Vinyl floor, Pantry and cupboards"
        },
        {
          "id": "5b32f3df-5ef7-4d3b-942d-e7f80c391fc8",
          "roomType": "Toilet",
          "roomName": "Toilet",
          "selectedOptions": [
            "Extractor fan",
            "Handbasin",
            "Toilet"
          ],
          "roomOptionText": "Extractor fan, Handbasin, Toilet"
        }
      ],
      "uploadedImages": {}
    }
  }
]