[
  {
    "id": "fe13a78b-b6b1-4110-94ac-0cc2c67ca0c0",
    "cardName": "Nature of Property 1",
    "placeholder": "{%Image_NatureofProperty1}",
    "width": 230,
    "height": 160
  },
  {
    "id": "d775b59b-479f-4102-816e-98b11ee211db",
    "cardName": "Nature of Property 2",
    "placeholder": "{%Image_NatureofProperty2}",
    "width": 230,
    "height": 160
  },
  {
    "id": "c7e5a4a0-0981-479e-8c62-aca5a12a8895",
    "cardName": "Nature of Property 3",
    "placeholder": "{%Image_NatureofProperty3}",
    "width": 230,
    "height": 160
  },
  {
    "id": "e5235d29-7916-40fe-a9d6-ffc2244f652e",
    "cardName": "Nature of Property 4",
    "placeholder": "{%Image_NatureofProperty4}",
    "width": 230,
    "height": 160
  },
  {
    "id": "a7106c10-b2a2-4cfd-b4c1-2210c2524704",
    "cardName": "Brief Description Image",
    "placeholder": "{%Image_BriefDescription}",
    "width": 150,
    "height": 80
  },
  {
    "id": "3735aaab-f723-4946-9690-f64b245f2bab",
    "cardName": "Site Description1",
    "placeholder": "{%Image_SiteDescription1}",
    "width": 300,
    "height": 200
  },
  {
    "id": "b8eb16b0-6cc6-4f72-a816-66f37920e5a7",
    "cardName": "Site Description2",
    "placeholder": "{%Image_SiteDescription2}",
    "width": 300,
    "height": 200
  },
  {
    "id": "3070bd5b-cdcf-42a4-9dcf-1515fdb3815d",
    "cardName": "Site Development1",
    "placeholder": "{%Image_SiteDevelopment1}",
    "width": 400,
    "height": 300
  },
  {
    "id": "5b4deea6-bb2c-48dd-b02c-07878c7a0d82",
    "cardName": "Site Development2",
    "placeholder": "{%Image_SiteDevelopment2}",
    "width": 400,
    "height": 300
  },
  {
    "id": "04bf5985-cb4e-4c5e-9c16-127d9dfa839b",
    "cardName": "Site Development3",
    "placeholder": "{%Image_SiteDevelopment3}",
    "width": 400,
    "height": 300
  },
  {
    "id": "485685f9-36d1-418c-9755-ee1662614339",
    "cardName": "Site Development4",
    "placeholder": "{%Image_SiteDevelopment4}",
    "width": 400,
    "height": 300
  },
  {
    "id": "bd650ff2-03d1-40e2-b56a-63e92f974683",
    "cardName": "Layout/Amenities Photo1",
    "placeholder": "{%Image_LayoutAmenities1}",
    "width": 288,
    "height": 216
  },
  {
    "id": "72dfe497-5b12-4aad-be7e-254407293def",
    "cardName": "Layout/Amenities Photo2",
    "placeholder": "{%Image_LayoutAmenities2}",
    "width": 288,
    "height": 216
  },
  {
    "id": "5e717d27-f8e6-4c09-8222-dc4e8cd4f6d0",
    "cardName": "Layout/Amenities Photo3",
    "placeholder": "{%Image_LayoutAmenities3}",
    "width": 288,
    "height": 216
  },
  {
    "id": "32c53ea7-cc06-484e-a1b2-957be06b5adb",
    "cardName": "Layout/Amenities Photo4",
    "placeholder": "{%Image_LayoutAmenities4}",
    "width": 288,
    "height": 216
  },
  {
    "id": "023d74d2-a093-4b3f-9e64-949e5a3d25d5",
    "cardName": "Layout/Amenities Photo5",
    "placeholder": "{%Image_LayoutAmenities5}",
    "width": 288,
    "height": 216
  },
  {
    "id": "09b1f59d-99d9-4c78-a90a-eaba8bedcc8f",
    "cardName": "Layout/Amenities Photo6",
    "placeholder": "{%Image_LayoutAmenities6}",
    "width": 288,
    "height": 216
  },
  {
    "id": "c57c99dc-6fff-4cc1-8a6f-dd539541ce2e",
    "cardName": "Situation and Locality Map Screenshot",
    "placeholder": "{%Image_LocalitySituationMap}",
    "width": 288,
    "height": 216
  }
]