{
  "Info": {
    "Property Address": {
      "label": "Property Address",
      "placeholder": "[Replace_Address]",
      "displayType": "text",
      "validation": {
        "type": "string",
        "required": true
      }
    },
    "Single Line Address": {
      "label": "Single Line Address",
      "placeholder": "[Replace_SingleLineAddress]",
      "displayType": "text",
      "validation": {
        "type": "string",
        "required": true
      }
    },
    "Property Address Multi-Line": {
      "label": "Property Address Multi-Line",
      "placeholder": "[Replace_AddressMultiLine]",
      "displayType": "textarea",
      "validation": {
        "type": "string",
        "required": false
      }
    },
    "Instructed By": {
      "label": "Instructed By",
      "placeholder": "[Replace_InstructedBy]",
      "displayType": "text",
      "validation": {
        "type": "string",
        "required": false
      }
    },
    "VOS Order No": {
      "label": "VOS Order No",
      "placeholder": "[Replace_VOSOrderNo]",
      "displayType": "text",
      "validation": {
        "type": "string",
        "required": false
      }
    },
    "Job No": {
      "label": "Job No",
      "placeholder": "[Replace_JobNo]",
      "displayType": "text",
      "validation": {
        "type": "string",
        "required": false
      }
    },
    "Prepared For": {
      "label": "Prepared For",
      "placeholder": "[Replace_PreparedFor]",
      "displayType": "text",
      "validation": {
        "type": "string",
        "required": false
      }
    },
    "Instructions": {
      "label": "Instructions",
      "placeholder": "[Replace_Instructions]",
      "displayType": "text",
      "validation": {
        "type": "string",
        "required": false
      }
    },
    "Client/Borrower": {
      "label": "Client/Borrower",
      "placeholder": "[Replace_Client]",
      "displayType": "text",
      "validation": {
        "type": "string",
        "required": false
      }
    },
    "Land Area": {
      "label": "Land Area",
      "placeholder": "[Replace_LandArea]",
      "displayType": "text",
      "validation": {
        "type": "string",
        "required": false
      }
    },
    "Title": {
      "label": "Title",
      "placeholder": "[Replace_Title]",
      "displayType": "text",
      "validation": {
        "type": "string",
        "required": false
      }
    },
    "Date of Valuation": {
      "label": "Date of Valuation",
      "placeholder": "[Replace_DateofValuation]",
      "displayType": "date",
      "validation": {
        "type": "string",
        "required": false
      }
    },
    "Date of Preparation": {
      "label": "Date of Preparation",
      "placeholder": "[Replace_DateofPreparation]",
      "displayType": "date",
      "validation": {
        "type": "string",
        "required": false
      }
    },
    "Date of Inspection": {
      "label": "Date of Inspection",
      "placeholder": "[Replace_DateofInspection]",
      "displayType": "date",
      "validation": {
        "type": "string",
        "required": false
      }
    },
    "Report Version": {
      "label": "Report Version",
      "placeholder": "[Replace_ReportVersion]",
      "displayType": "text",
      "validation": {
        "type": "string",
        "required": false
      }
    },
    "Special Assumptions": {
      "label": "Special Assumptions",
      "placeholder": "[Replace_Assumptions]",
      "displayType": "textarea",
      "validation": {
        "type": "string",
        "required": false
      }
    }
  },
  "General Info": {

    "Title Interestes": {
      "label": "Title Interestes",
      "placeholder": "[Replace_TitleInterests]",
      "displayType": "textarea",
      "validation": {
        "type": "string",
        "required": false
      }
    },
    "Title Owner": {
      "label": "Title Owner",
      "placeholder": "[Replace_TitleOwner]",
      "displayType": "text",
      "validation": {
        "type": "string",
        "required": false
      }
    },
    "Title Brief": {
      "label": "Title Brief",
      "placeholder": "[Replace_TitleBrief]",
      "displayType": "textarea",
      "validation": {
        "type": "string",
        "required": false
      }
    },
    "Property Description": {
      "label": "Property Description",
      "placeholder": "[Replace_PropertySummary]",
      "displayType": "textarea",
      "validation": {
        "type": "string",
        "required": false
      }
    },
    "General Description": {
      "label": "General Description",
      "placeholder": "[Replace_GeneralDescription]",
      "displayType": "textarea",
      "validation": {
        "type": "string",
        "required": false
      }
    },
    "EGS-BF": {
      "label": "EGS-BF",
      "placeholder": "[Replace_EGSBF]",
      "displayType": "text",
      "validation": {
        "type": "string",
        "required": false
      }
    },
    "EGS-FH": {
      "label": "EGS-FH",
      "placeholder": "[Replace_EGSFH]",
      "displayType": "text",
      "validation": {
        "type": "string",
        "required": false
      }
    },
    "EGS-E/LS": {
      "label": "EGS-E/LS",
      "placeholder": "[Replace_EGSELS]",
      "displayType": "text",
      "validation": {
        "type": "string",
        "required": false
      }
    },
    "Location Description": {
      "label": "Location Description",
      "placeholder": "[Replace_LocationDescription]",
      "displayType": "textarea",
      "validation": {
        "type": "string",
        "required": false
      }
    }
  }
}